{
    "knn": {
        "best_params": {
            "clf__n_neighbors": 11,
            "clf__p": 1,
            "clf__weights": "distance"
        },
        "accuracy": 0.6666666666666666,
        "f1_score": 0.7213114754098361
    },
    "logreg": {
        "best_params": {
            "clf__C": 0.1,
            "clf__solver": "lbfgs"
        },
        "accuracy": 0.7843137254901961,
        "f1_score": 0.835820895522388
    },
    "dtree": {
        "best_params": {
            "clf__max_depth": 5,
            "clf__min_samples_leaf": 1,
            "clf__min_samples_split": 10
        },
        "accuracy": 0.7254901960784313,
        "f1_score": 0.7941176470588235
    }
}